PLAYER,TEAM,GP,MP,GV-MP,GRAV,PERIM_GV-MP,PERIM_GRAV,INTERIOR_GV-MP,INTERIOR_GRAV,OFF_POS_PERIM_GV-MP,OFF_POS_PERIM_GRAV,OFF_POS_INTERIOR_GV-MP,OFF_POS_INTERIOR_GRAV,PTS,REB,AST
Kevin Durant,HOU,78,36.4,694.8,16.2,170.4,13.6,40.3,10.7,379.0,18.5,105.2,12.5,26.0,5.5,4.8
Anthony Edwards,MIN,60,35.1,472.9,15.1,154.9,16.3,35.9,11.5,238.4,15.6,43.8,10.7,29.0,5.0,3.7
Shai Gilgeous-Alexander,OKC,67,33.2,504.4,14.9,173.7,13.0,62.3,8.4,194.4,20.1,74.0,12.0,31.3,4.3,6.6
Luka Dončić,LAL,64,35.8,483.9,14.6,203.6,17.3,51.4,1.8,192.1,17.0,36.7,2.8,33.5,7.7,8.3
Kawhi Leonard,LAC,65,32.1,513.9,13.6,132.5,17.2,47.0,13.7,257.7,14.1,76.7,13.1,27.9,6.4,3.6
Klay Thompson,DAL,68,21.7,336.2,12.2,32.1,7.1,6.6,-7.5,246.4,15.1,51.2,-3.3,11.8,2.1,1.4
James Harden,CLE,70,34.9,611.0,11.9,254.6,13.8,42.0,-8.6,280.0,14.7,34.5,-5.3,23.6,4.8,8.0
Cade Cunningham,DET,62,33.9,482.1,11.3,187.3,12.1,46.3,0.8,199.7,14.7,48.8,1.9,23.9,5.5,9.8
Duncan Robinson,DET,75,27.3,485.6,11.3,40.4,10.2,8.8,-13.6,344.8,12.8,91.6,-6.1,12.1,2.6,2.1
Trey Murphy III,NOP,66,35.5,584.2,11.1,88.7,8.8,20.1,-3.1,392.6,13.4,82.7,0.3,21.5,5.7,3.8
Donovan Mitchell,CLE,69,33.4,502.6,10.8,154.4,7.9,38.5,-3.7,269.9,15.6,39.9,-1.7,27.8,4.5,5.7
Devin Booker,PHX,64,33.6,512.7,10.6,161.3,12.0,55.8,-0.5,219.6,15.0,76.0,-0.5,26.1,3.9,6.0
Tyrese Maxey,PHI,70,38.0,615.4,10.2,212.9,7.3,35.7,-3.0,323.0,13.7,43.9,2.5,28.3,4.1,6.6
Deni Avdija,POR,66,33.3,543.3,9.7,173.3,10.0,53.5,0.3,259.9,13.1,56.5,1.0,24.2,6.9,6.7
Norman Powell,MIA,58,29.6,368.9,9.4,55.4,5.3,19.9,-3.6,240.0,11.9,53.7,0.1,21.7,3.5,2.5
Desmond Bane,ORL,80,33.7,647.1,9.3,129.5,7.2,30.7,-8.1,407.6,12.3,79.3,-1.1,20.3,4.1,4.2
Jamal Murray,DEN,74,35.3,637.6,8.9,230.2,7.9,47.7,-0.4,295.2,12.9,64.6,0.3,25.5,4.4,7.1
Victor Wembanyama,SAS,63,29.2,384.5,8.5,49.6,9.7,37.5,2.5,145.6,10.7,151.8,4.7,25.1,11.5,3.1
Jalen Brunson,NYK,71,35.1,660.3,8.4,257.3,8.8,57.5,-9.2,291.9,12.8,53.5,-6.7,26.1,3.3,6.8
Jaylen Brown,BOS,71,34.4,619.5,8.4,167.4,9.8,64.2,1.4,318.7,10.2,69.2,2.8,28.7,6.9,5.1
Brandon Ingram,TOR,75,33.9,670.7,8.3,123.9,8.2,67.9,0.7,381.6,10.3,97.3,3.8,21.6,5.7,3.7
CJ McCollum,ATL,75,29.7,512.7,7.4,146.4,6.4,32.0,-11.1,263.1,11.2,71.1,-6.7,18.7,3.3,3.8
DeMar DeRozan,SAC,77,31.3,587.0,7.3,102.3,8.2,59.6,5.5,333.9,8.2,91.2,5.2,18.4,2.9,4.1
Malik Monk,SAC,62,22.0,315.8,7.2,65.0,5.5,13.0,-1.5,210.6,8.7,27.1,2.0,12.5,1.9,3.0
Tim Hardaway Jr.,DEN,79,26.6,501.3,7.1,35.0,3.7,6.2,-8.2,398.7,8.4,61.4,-3.6,13.5,2.6,1.3
Simone Fontecchio,MIA,69,16.7,257.6,6.8,22.6,4.8,7.6,-9.6,156.2,8.3,71.3,-9.3,8.4,3.0,1.4
AJ Green,MIL,77,29.1,565.6,6.7,55.6,1.6,8.3,-17.3,413.4,8.3,88.3,-6.9,10.3,2.7,1.9
Kon Knueppel,CHA,81,31.5,654.9,6.5,78.4,6.6,24.5,-11.9,436.1,9.4,116.0,-9.1,18.5,5.3,3.4
Reed Sheppard,HOU,81,26.2,536.9,6.2,138.8,4.7,14.4,-12.1,353.6,7.8,30.1,-9.1,13.5,2.9,3.4
Pascal Siakam,IND,61,33.1,518.5,6.1,75.5,6.6,54.1,5.7,265.6,7.0,123.3,4.9,23.9,6.7,3.8
Luke Kennard,LAL,78,21.6,379.1,6.0,40.6,5.5,13.2,-10.8,261.3,7.7,64.0,-6.4,8.4,2.3,2.2
Cam Spencer,MEM,71,23.9,405.5,5.8,118.5,4.8,18.4,-10.4,229.8,9.0,38.9,-7.0,11.1,2.6,5.6
Corey Kispert,ATL,57,18.7,228.6,5.8,20.1,1.6,6.4,-11.0,172.1,7.6,30.0,-6.8,9.2,2.2,1.6
Kevin Huerter,DET,68,22.4,366.1,5.7,44.6,2.1,13.1,-17.7,248.5,8.6,60.0,-11.5,10.0,3.4,2.5
Devin Vassell,SAS,66,30.5,448.0,5.6,49.0,1.9,12.3,-3.5,337.0,7.3,49.7,-3.6,14.0,4.0,2.5
Brice Sensabaugh,UTA,74,23.5,397.0,5.5,52.4,4.9,17.8,-6.7,289.8,6.8,37.0,-4.5,14.9,3.1,1.9
De'Aaron Fox,SAS,71,31.0,472.8,5.5,133.0,3.1,35.2,-8.8,257.1,9.2,47.4,-6.4,18.4,3.7,6.2
Quentin Grimes,PHI,74,29.5,511.0,5.5,78.2,4.2,19.6,-8.8,359.6,7.0,53.6,-6.0,13.4,3.7,3.3
Nickeil Alexander-Walker,ATL,78,33.4,581.7,5.5,108.9,5.6,28.7,-17.3,326.7,8.8,117.4,-10.6,20.8,3.4,3.7
LaMelo Ball,CHA,72,28.0,508.8,5.3,213.4,5.6,29.4,-14.1,228.5,9.0,37.5,-13.8,20.1,4.8,7.1
Brandon Miller,CHA,65,30.3,502.7,5.1,99.4,3.0,24.5,-11.0,293.6,8.6,85.2,-10.8,20.2,4.9,3.3
Matas Buzelis,CHI,76,29.4,516.1,4.8,72.0,2.3,24.0,-10.7,350.8,6.9,69.3,-6.8,16.4,5.9,2.1
Cedric Coward,MEM,61,25.9,373.7,4.8,60.1,3.7,18.9,-5.1,244.6,6.8,50.1,-2.6,13.6,5.9,2.8
Moses Moody,GSW,60,25.7,369.9,4.7,36.5,-1.2,8.8,-15.5,282.9,6.9,41.7,-9.4,12.1,3.3,1.6
Derrick White,BOS,77,34.1,674.1,4.6,187.7,4.9,24.5,-21.1,395.8,6.5,66.2,-16.6,16.5,4.4,5.4
Vít Krejčí,POR,65,21.4,327.4,4.5,32.8,3.9,6.8,-16.4,237.0,5.2,50.7,-10.7,8.5,2.3,1.5
Ace Bailey,UTA,71,27.5,458.8,4.5,42.3,-1.2,18.0,-8.5,332.8,6.5,65.7,-5.9,13.8,4.1,1.8
Tre Johnson,WAS,59,24.0,320.6,4.4,44.6,2.4,15.2,-9.0,220.6,6.2,40.2,-5.8,12.1,2.8,2.0
Paolo Banchero,ORL,70,34.7,574.0,4.3,139.9,3.7,56.2,-0.8,281.9,6.1,95.9,0.8,22.2,8.3,5.2
Julian Champagnie,SAS,81,27.7,501.1,4.3,29.1,4.0,7.8,-6.0,387.7,5.8,76.5,-9.2,11.2,5.8,1.6
Andrew Wiggins,MIA,68,30.4,452.0,4.2,50.8,1.4,25.4,-8.5,284.5,6.4,91.3,-6.6,15.4,4.8,2.7
Isaiah Joe,OKC,70,21.3,343.3,4.1,32.0,2.7,8.3,-9.5,249.4,5.5,53.5,-5.4,11.1,2.6,1.3
Cooper Flagg,DAL,68,33.6,587.8,4.0,133.1,3.1,45.3,-2.8,341.9,6.4,67.5,-2.4,21.1,6.1,4.5
Donte DiVincenzo,MIN,81,30.4,530.4,3.9,62.3,0.3,12.0,-11.7,402.6,5.4,53.4,-9.9,12.1,4.0,3.8
Max Christie,DAL,75,29.1,505.5,3.9,56.3,1.2,14.9,-10.9,377.5,6.0,56.8,-8.1,12.4,3.2,1.9
LeBron James,LAL,60,33.1,411.2,3.8,89.6,2.7,35.1,-4.7,232.9,5.6,53.6,-5.2,20.9,6.1,7.2
Jalen Johnson,ATL,72,35.2,587.3,3.6,139.1,4.5,52.7,-7.8,306.6,6.5,88.8,-4.3,22.5,10.3,7.9
Jamison Battle,TOR,59,8.4,113.4,3.5,5.5,-1.5,2.0,-16.9,85.3,5.6,20.7,-4.4,3.0,1.5,0.4
Payton Pritchard,BOS,79,32.4,671.9,3.5,186.8,4.3,39.2,-11.2,381.3,5.4,64.7,-7.1,17.0,3.9,5.2
Will Riley,WAS,72,22.0,356.9,3.4,57.0,3.1,16.4,-9.6,233.5,5.3,50.1,-8.7,10.2,2.9,2.0
Saddiq Bey,NOP,71,31.1,545.5,3.3,52.1,0.8,36.2,-3.7,385.7,4.9,71.6,-3.1,17.6,5.6,2.5
Sam Hauser,BOS,78,24.8,494.6,3.3,30.6,0.8,4.0,-16.9,374.7,5.1,85.3,-13.3,9.2,3.8,1.5
Dru Smith,MIA,68,16.3,249.6,3.2,46.5,-0.3,13.4,-13.8,142.3,6.3,47.4,-9.9,5.6,2.5,2.6
Caris LeVert,DET,58,19.3,285.5,3.1,64.6,1.7,14.4,-12.6,166.7,6.0,39.8,-8.5,7.5,2.0,2.7
Collin Sexton,CHI,68,23.7,391.1,3.1,106.2,3.1,25.0,-12.0,220.2,5.4,39.7,-6.3,15.4,2.3,3.3
Will Richard,GSW,68,19.9,333.1,3.0,22.0,-3.4,5.5,-21.1,249.2,5.0,56.4,-14.9,6.5,2.5,1.4
Bub Carrington,WAS,81,27.6,515.7,3.0,137.8,1.6,16.7,-16.2,323.3,5.3,37.9,-11.4,10.7,3.4,4.6
Mikal Bridges,NYK,79,32.8,692.1,2.9,86.5,2.2,29.0,-14.7,467.1,5.0,109.5,-9.7,14.5,3.9,3.7
Daniss Jenkins,DET,71,20.4,354.7,2.9,116.9,2.7,22.2,-13.6,180.2,5.6,35.5,-10.3,9.5,2.3,3.9
Jabari Smith Jr.,HOU,77,35.1,668.2,2.9,47.1,2.0,18.9,-4.3,500.2,3.6,102.0,-4.2,15.8,6.9,1.9
Khris Middleton,DAL,62,22.8,307.8,2.9,43.4,2.1,22.3,-7.3,183.9,5.8,58.2,-5.3,10.2,3.6,2.8
VJ Edgecombe,PHI,75,35.0,588.8,2.8,124.8,0.2,22.2,-4.5,375.3,4.1,66.5,-3.9,16.0,5.6,4.2
Craig Porter Jr.,CLE,63,17.9,259.8,2.8,43.9,3.0,12.6,-19.0,164.8,5.5,38.5,-13.6,4.6,3.5,3.2
Rob Dillingham,CHI,64,15.0,202.7,2.8,48.6,3.1,15.3,-11.4,119.0,4.9,19.8,-8.2,6.3,2.0,2.2
Jared McCain,OKC,67,17.4,269.2,2.8,44.7,2.0,10.9,-10.5,190.0,3.7,23.5,-7.4,8.3,2.0,1.3
Jordan Clarkson,NYK,68,17.8,340.2,2.8,35.7,2.0,15.0,-9.9,231.1,4.3,58.5,-10.2,8.5,1.8,1.4
Brandin Podziemski,GSW,82,28.5,560.1,2.7,121.5,-0.0,28.6,-19.1,335.9,6.6,74.1,-12.2,13.8,5.1,3.7
Jeremiah Fears,NOP,81,25.6,513.1,2.6,143.0,1.1,33.3,-11.1,284.1,5.4,52.8,-6.6,14.2,3.6,3.4
Ja'Kobe Walter,TOR,70,20.5,340.0,2.5,21.9,-1.8,5.9,-0.7,243.9,3.2,68.2,-1.3,7.6,2.6,1.2
Gradey Dick,TOR,72,14.2,256.9,2.5,17.5,-0.6,7.5,-4.8,197.2,4.3,34.6,-8.6,6.2,1.9,0.7
Immanuel Quickley,TOR,68,32.0,569.8,2.4,157.1,2.5,29.8,-13.5,322.9,4.9,60.1,-10.2,16.5,4.1,5.9
Zion Williamson,NOP,61,30.0,429.6,2.4,66.2,1.6,43.6,0.9,167.2,3.7,152.6,4.4,21.3,5.8,3.2
Anthony Black,ORL,62,30.0,454.6,2.3,86.5,-0.2,19.1,-12.2,297.8,4.6,51.1,-8.9,15.0,3.8,3.8
Jaylen Wells,MEM,68,26.4,422.7,2.2,44.2,2.3,17.4,-9.8,308.9,3.4,52.1,-5.9,12.6,3.2,1.6
Collin Gillespie,PHX,80,28.5,554.7,2.2,129.7,-1.4,23.5,-19.8,343.6,5.2,57.9,-12.4,12.7,4.1,4.6
Gary Trent Jr.,MIL,63,21.4,365.4,2.1,32.6,-0.4,4.8,-6.8,300.6,2.9,27.4,-5.0,8.1,1.0,1.2
Karl-Anthony Towns,NYK,72,31.0,600.6,2.0,72.3,5.6,42.0,-5.4,244.4,8.0,242.0,-4.2,20.2,11.9,3.0
Bones Hyland,MIN,69,16.9,252.4,1.9,72.5,0.5,8.8,-14.8,149.2,3.8,21.9,-13.0,8.7,1.8,2.7
Walter Clayton Jr.,MEM,68,20.5,317.9,1.9,88.0,0.2,18.4,-17.8,187.9,5.2,23.6,-12.7,7.9,2.0,4.0
Pelle Larsson,MIA,69,26.5,378.6,1.8,48.5,-3.9,17.3,-13.7,192.5,4.0,120.3,-11.6,11.4,3.5,3.4
Ryan Rollins,MIL,73,32.0,588.4,1.8,164.1,3.9,37.5,-15.6,332.1,4.0,54.7,-14.5,17.2,4.5,5.5
Chet Holmgren,OKC,68,28.9,453.6,1.7,36.0,2.1,30.0,-8.4,255.6,4.6,131.9,-5.3,17.2,8.9,1.7
Toumani Camara,POR,82,33.3,647.5,1.7,60.7,-2.0,21.5,-12.3,456.7,3.6,108.6,-10.3,13.4,5.1,2.5
Pat Spencer,GSW,64,18.9,293.4,1.6,82.5,-0.4,18.4,-21.0,150.7,7.3,41.7,-16.6,7.3,2.4,3.5
Keon Ellis,CLE,71,20.5,334.2,1.6,23.3,-1.3,6.3,-15.2,251.3,3.0,53.4,-10.2,6.7,1.9,1.0
Ochai Agbaji,BKN,60,15.5,229.2,1.6,11.6,-4.4,4.9,-7.8,157.6,3.6,55.1,-10.6,4.9,2.2,0.7
Jarace Walker,IND,75,25.7,468.5,1.6,53.7,3.6,16.7,-8.3,336.9,3.0,61.2,-8.0,11.7,5.1,2.5
Patrick Williams,CHI,71,20.4,335.6,1.6,29.8,0.5,14.6,-6.5,241.2,2.8,50.0,-7.5,6.9,3.0,1.4
Ben Sheppard,IND,64,21.4,338.7,1.6,34.1,0.4,6.4,-9.8,243.3,2.9,54.9,-6.3,7.1,3.0,1.8
Naz Reid,MIN,76,26.2,443.1,1.5,39.2,4.3,20.3,-4.0,296.2,1.9,87.4,-3.8,13.7,6.2,2.2
Justin Edwards,PHI,62,15.6,221.7,1.4,21.2,0.0,4.7,-8.6,163.8,2.3,32.1,-6.8,6.2,1.5,1.3
Harrison Barnes,SAS,76,25.8,446.4,1.3,39.9,-1.9,14.2,-10.1,300.3,3.3,92.0,-10.1,9.9,2.7,1.9
Ayo Dosunmu,MIN,68,27.3,419.3,1.1,78.6,-0.7,20.4,-10.5,281.3,3.0,39.0,-9.0,14.8,3.5,3.6
Josh Green,CHA,57,15.7,232.4,1.1,8.0,-8.1,3.0,-18.6,185.4,2.2,36.0,-15.8,4.3,1.8,0.8
Rayan Rupert,MEM,64,16.7,246.5,1.0,13.9,-3.2,8.2,-7.5,176.2,2.9,48.3,-8.8,5.2,2.9,1.1
Nique Clifford,SAC,75,25.1,419.1,1.0,56.7,-1.4,16.0,-11.6,299.8,2.8,46.7,-9.2,8.6,3.8,2.4
Nikola Jokić,DEN,64,34.8,525.5,1.0,110.2,2.8,70.9,-8.9,196.9,4.3,147.5,-4.0,27.7,12.8,10.8
Jose Alvarado,NYK,69,19.9,351.5,1.0,99.7,-0.2,12.5,-19.1,205.4,3.4,33.9,-12.7,7.4,2.5,3.4
Terance Mann,BKN,63,24.3,382.1,1.0,71.5,-2.4,17.7,-18.1,234.2,4.2,58.8,-13.6,7.2,3.2,3.0
Tre Jones,CHI,64,26.9,394.1,1.0,93.6,0.8,31.9,-13.8,227.6,3.8,40.9,-11.2,14.1,3.1,5.3
Justin Champagnie,WAS,66,20.3,323.3,0.9,17.6,1.3,8.5,-8.5,215.0,2.9,82.2,-7.5,8.7,5.6,1.25
Keldon Johnson,SAS,81,23.4,444.0,0.9,36.3,-1.6,23.9,-5.7,304.1,2.7,79.7,-4.2,13.2,5.3,1.4
Drake Powell,BKN,63,20.9,319.2,0.9,41.9,-1.7,9.5,-16.6,228.0,3.0,39.8,-12.7,6.5,1.8,1.4
Bam Adebayo,MIA,72,32.2,504.2,0.8,47.7,-1.6,48.4,-9.5,212.0,4.0,196.0,-6.4,19.2,10.0,3.2
Sidy Cissoko,POR,75,19.1,357.2,0.7,25.5,-1.2,9.9,-14.2,255.4,2.0,66.4,-12.6,5.1,2.2,1.5
Dean Wade,CLE,58,22.3,295.6,0.7,16.2,2.5,6.1,-13.5,212.7,2.2,60.5,-9.2,5.8,4.2,1.5
Tobias Harris,DET,61,27.6,394.0,0.7,41.7,0.5,26.5,-9.7,247.3,2.9,78.5,-7.9,13.1,5.2,2.5
Dennis Schröder,CLE,70,24.2,399.9,0.6,126.3,-0.9,24.4,-17.6,217.4,4.0,31.8,-12.1,10.8,2.7,4.9
Tristan da Silva,ORL,75,24.7,430.0,0.6,34.7,0.4,10.9,-10.9,305.6,1.9,78.9,-9.4,9.9,3.7,1.6
Jake LaRavia,LAL,82,25.2,460.2,0.6,40.4,-2.5,13.8,-10.7,330.0,2.1,75.9,-8.9,8.2,4.0,1.8
Tyler Kolek,NYK,55,12.3,189.7,0.6,54.1,2.5,10.6,-18.5,102.8,3.3,22.2,-16.2,4.5,1.7,2.8
Zaccharie Risacher,ATL,67,22.4,372.1,0.6,23.8,-1.1,10.5,-12.6,268.2,2.0,69.6,-8.3,9.6,3.8,1.1
Tari Eason,HOU,60,25.9,364.2,0.6,26.6,-1.2,11.3,-10.9,277.4,2.0,48.8,-14.1,10.5,6.3,1.5
Miles Bridges,CHA,77,31.0,629.1,0.6,83.4,-1.0,29.8,-9.4,406.2,3.2,109.7,-10.6,17.1,5.8,3.2
Aaron Wiggins,OKC,64,21.9,317.1,0.5,47.8,-0.1,13.9,-12.7,200.2,2.9,55.3,-8.9,9.5,3.1,1.7
Dylan Harper,SAS,68,22.6,348.0,0.4,93.0,-0.1,25.8,-15.7,189.7,3.7,39.5,-13.3,11.8,3.4,3.9
Baylor Scheierman,BOS,77,18.6,359.1,0.4,26.2,-2.5,7.2,-18.7,283.5,1.6,42.2,-12.7,5.5,3.5,1.5
OG Anunoby,NYK,65,33.2,562.2,0.4,42.7,-1.6,24.0,-13.4,384.3,2.7,111.1,-10.1,16.7,5.2,2.2
Noah Clowney,BKN,66,27.0,442.4,0.2,39.7,1.5,15.0,-14.0,323.3,1.4,64.4,-10.3,12.3,4.1,1.6
Cason Wallace,OKC,76,26.7,459.1,0.2,52.3,-0.5,18.5,-17.3,290.8,3.0,97.5,-13.7,8.6,3.0,2.6
Kobe Brown,IND,59,15.7,217.6,0.1,21.2,-2.0,8.0,-10.9,148.8,1.8,39.6,-5.1,5.7,3.0,1.3
Gui Santos,GSW,68,20.6,314.9,0.1,37.2,-3.7,17.3,-16.7,184.3,4.4,76.1,-15.9,9.2,3.9,2.3
Rui Hachimura,LAL,68,28.3,418.0,0.1,20.0,-2.0,12.1,-10.1,345.0,1.2,40.9,-10.2,11.5,3.3,0.8
Alperen Sengun,HOU,72,33.3,591.3,0.1,105.3,0.3,81.1,-5.7,204.3,2.4,200.5,-5.0,20.4,8.9,6.2
Jaylon Tyson,CLE,65,27.1,393.4,0.0,34.3,-0.7,14.8,-19.4,265.8,2.7,78.4,-13.4,13.2,5.1,2.2
Royce O'Neale,PHX,78,28.4,532.3,-0.0,54.6,-3.8,8.7,-33.7,427.7,1.6,41.2,-26.2,9.8,4.8,2.7
Julius Randle,MIN,78,33.0,570.1,-0.1,100.7,1.2,62.5,-6.0,306.4,1.4,100.4,-5.1,21.0,6.8,5.1
Jay Huff,IND,81,21.1,409.9,-0.1,29.6,4.9,9.7,-6.8,229.2,1.4,141.4,-5.4,9.6,4.0,1.5
Kyle Filipowski,UTA,76,23.3,417.6,-0.1,43.1,1.5,21.5,-13.0,267.0,1.7,85.9,-9.7,11.4,7.2,2.6
Jordan Goodwin,PHX,70,22.5,377.8,-0.2,43.5,-2.4,10.6,-17.4,257.6,1.6,66.1,-14.5,8.7,4.9,2.2
Nikola Vučević,BOS,63,28.4,442.8,-0.2,47.8,4.2,28.8,-7.7,214.7,1.3,151.6,-5.6,15.1,8.4,3.3
Isaac Okoro,CHI,62,27.0,386.4,-0.3,24.1,-5.0,11.7,-12.3,269.8,1.2,80.8,-11.2,9.4,2.7,1.6
Hugo González,BOS,73,14.8,275.3,-0.3,10.9,-4.1,4.0,-10.0,214.8,0.8,45.6,-8.3,4.0,3.4,0.5
Scottie Barnes,TOR,78,33.6,644.6,-0.4,96.7,-0.3,54.4,-7.1,314.0,1.4,179.4,-4.6,18.2,7.5,5.9
Jaden McDaniels,MIN,72,31.7,490.4,-0.5,42.8,-3.2,22.5,-14.3,353.1,1.8,72.0,-10.1,14.9,4.3,2.7
Davion Mitchell,MIA,69,28.6,435.5,-0.6,101.8,-3.2,26.8,-26.5,261.8,3.4,45.1,-19.1,9.3,2.6,6.5
Jamal Shead,TOR,80,22.7,423.4,-0.6,120.7,-0.2,20.4,-22.5,232.0,1.9,50.2,-17.9,6.7,1.8,5.4
Kel'el Ware,MIA,76,22.0,364.4,-0.8,13.0,-2.4,10.7,-5.2,103.4,0.6,237.4,-2.7,10.9,8.9,0.7
Bobby Portis,MIL,67,24.1,402.0,-0.9,35.9,2.1,27.1,-4.8,231.8,0.2,107.2,-4.4,13.7,6.4,1.6
Nicolas Batum,LAC,74,17.5,358.4,-0.9,16.1,-4.2,1.0,-35.5,290.7,0.5,50.5,-16.5,4.0,2.5,0.9
Javonte Green,DET,80,17.7,339.7,-1.0,16.5,-4.6,6.2,-8.8,238.7,0.7,78.3,-6.2,6.9,2.8,0.7
Tyus Jones,DEN,65,14.7,240.9,-1.1,61.4,-2.2,4.6,-38.5,155.0,1.9,19.9,-27.7,3.0,1.2,2.4
Josh Okogie,HOU,78,17.4,339.3,-1.1,14.6,-2.1,6.2,-6.4,247.7,-0.8,70.9,-3.4,4.5,2.6,0.9
Jaime Jaquez Jr.,MIA,73,28.3,450.0,-1.2,92.0,-3.0,46.8,-12.4,221.7,1.9,89.6,-9.6,15.3,5.0,4.7
Luguentz Dort,OKC,68,26.8,415.3,-1.2,29.9,-3.4,8.8,-15.1,310.8,0.1,65.8,-14.2,8.4,3.5,1.2
Sion James,CHA,81,22.5,492.2,-1.2,65.8,-0.5,11.7,-24.0,338.4,0.5,76.3,-17.7,5.3,3.5,2.0
Cody Williams,UTA,66,24.4,342.7,-1.2,32.1,-7.5,12.1,-16.8,229.7,1.6,68.8,-14.5,8.8,3.0,2.0
Evan Mobley,CLE,64,32.1,452.9,-1.3,54.5,2.8,41.6,-10.6,198.1,2.0,158.7,-8.5,18.2,9.0,3.6
Jaylin Williams,OKC,65,19.7,290.2,-1.3,36.0,1.8,6.1,-8.3,192.6,0.3,55.5,-6.5,7.2,5.5,2.4
Bruce Brown,DEN,81,24.4,483.6,-1.4,64.7,-1.0,14.4,-16.2,274.1,1.1,130.5,-14.6,8.0,3.9,2.1
Jordan Miller,LAC,60,22.0,300.1,-1.4,41.7,-1.6,17.4,-14.2,197.6,1.4,43.4,-12.8,10.0,3.0,2.3
Marcus Smart,LAL,62,28.5,372.8,-1.4,54.5,1.0,11.3,-18.1,270.5,-0.7,36.5,-16.3,9.3,2.8,3.0
Brandon Williams,DAL,64,22.2,343.6,-1.4,106.2,-3.6,30.0,-22.3,174.6,4.0,32.8,-14.9,13.0,3.0,4.0
Onyeka Okongwu,ATL,74,31.1,505.1,-1.5,44.8,2.3,20.1,-8.0,276.2,-0.2,163.9,-7.4,15.2,7.6,3.1
Guerschon Yabusele,CHI,65,15.2,235.6,-1.5,17.1,3.0,6.6,-7.0,139.3,-0.4,72.6,-7.8,5.6,3.5,1.0
Ryan Dunn,PHX,70,19.4,321.0,-1.5,19.8,-7.0,8.4,-18.5,230.5,0.4,62.3,-12.1,5.8,4.2,1.5
Noah Penda,ORL,57,13.1,178.6,-1.7,13.9,-2.6,7.1,-8.7,123.7,0.2,33.9,-10.4,3.9,2.2,1.2
Taylor Hendricks,MEM,58,18.9,244.6,-1.7,10.5,-4.9,7.1,-5.7,173.1,-0.2,53.9,-4.8,7.3,3.8,0.9
Kyle Kuzma,MIL,68,26.3,431.5,-1.7,45.8,-0.3,21.4,-15.2,272.1,0.5,92.2,-12.7,12.9,4.5,2.7
Myles Turner,MIL,70,26.9,481.3,-1.7,35.2,2.9,11.2,-7.7,301.5,-0.2,133.4,-7.8,11.9,5.3,1.4
Kobe Sanders,LAC,68,19.9,341.5,-1.9,43.0,2.3,11.3,-15.8,250.7,-0.8,36.6,-16.3,7.3,2.3,1.6
Derik Queen,NOP,80,25.1,481.2,-1.9,85.3,2.8,37.7,-11.0,224.1,-0.5,134.1,-8.6,11.8,7.0,3.7
Caleb Martin,DAL,56,15.0,216.2,-1.9,19.0,-6.9,8.1,-16.5,142.3,0.6,46.9,-11.1,4.0,2.5,1.4
Micah Peavy,NOP,60,15.2,229.4,-2.0,11.6,-8.5,8.2,-15.3,179.1,-0.5,30.5,-10.9,4.4,1.9,1.0
Jordan Walsh,BOS,68,17.9,312.2,-2.1,13.9,-7.4,4.9,-7.4,235.4,-0.7,58.0,-9.6,5.4,4.0,0.8
Ryan Nembhard,DAL,59,19.5,312.6,-2.2,109.0,-2.8,20.4,-23.4,160.0,1.3,23.2,-19.4,6.6,2.3,5.3
Carter Bryant,SAS,70,11.7,179.7,-2.4,11.8,-5.7,4.2,-9.4,133.3,-1.1,30.5,-10.7,4.3,2.5,0.7
Naji Marshall,DAL,73,29.6,547.1,-2.5,76.2,-4.9,29.0,-21.1,359.7,0.3,82.1,-10.8,15.4,4.7,3.3
Quinten Post,GSW,67,17.3,295.9,-2.6,24.7,3.7,10.5,-15.1,182.7,0.1,78.1,-13.6,7.7,4.0,1.4
John Collins,LAC,69,27.1,455.4,-2.6,17.6,-1.4,16.8,-4.9,315.8,-1.4,105.2,-6.2,13.6,5.3,1.0
Jabari Walker,PHI,63,11.9,186.3,-2.7,7.8,0.3,4.5,1.5,104.1,-1.5,70.0,-0.2,4.3,3.0,0.5
Mohamed Diawara,NYK,63,9.9,139.4,-2.7,15.4,-7.2,3.8,-25.1,97.0,-0.9,23.1,-22.5,3.8,1.4,0.8
Thomas Bryant,CLE,58,12.6,164.8,-2.7,12.4,2.9,4.3,-11.1,79.7,0.1,68.4,-10.1,6.3,3.5,0.6
Jaylen Clark,MIN,67,13.1,198.8,-2.8,8.7,-1.1,3.5,-9.5,140.8,-1.9,45.7,-9.1,4.1,1.8,0.6
Kris Dunn,LAC,82,27.2,550.0,-3.0,89.7,1.2,19.2,-19.8,353.5,-1.8,87.6,-18.7,7.3,3.3,3.6
Sandro Mamukelashvili,TOR,78,21.8,409.9,-3.0,32.3,-1.3,13.5,-9.6,250.3,-0.6,113.9,-9.3,11.2,4.9,1.9
Russell Westbrook,SAC,64,29.0,436.3,-3.0,127.7,-3.2,37.2,-13.5,229.7,-0.9,41.8,-8.9,15.2,5.4,6.7
Karlo Matković,NOP,61,14.5,203.2,-3.0,7.5,-5.2,4.9,-12.8,127.0,-2.2,63.8,-7.4,5.6,3.7,0.7
Mouhamed Gueye,ATL,76,15.4,271.2,-3.1,11.1,-3.8,8.6,-9.3,149.0,-2.5,102.5,-9.9,4.5,3.6,0.9
Brook Lopez,LAC,75,21.8,385.5,-3.2,25.6,2.6,10.2,-13.1,236.5,-1.8,113.1,-10.9,8.5,3.6,1.3
Jock Landale,ATL,67,22.2,357.1,-3.2,18.2,0.5,15.6,-7.7,165.8,-1.4,157.4,-9.4,10.6,5.7,1.7
Jalen Duren,DET,68,28.2,445.5,-3.3,29.0,1.4,31.7,-4.2,145.6,-2.3,239.2,-6.2,19.3,10.5,2.0
Precious Achiuwa,SAC,73,24.0,393.2,-3.4,21.7,-6.9,16.2,-8.7,226.6,-2.0,128.6,-6.4,10.1,6.7,1.4
Nae'Qwan Tomlin,CLE,64,15.7,223.6,-3.4,10.3,-5.5,6.2,-10.7,129.8,-2.2,77.3,-9.6,5.8,2.9,0.8
Stephon Castle,SAS,67,29.9,438.2,-3.4,131.8,-3.2,44.0,-18.2,208.2,0.6,54.2,-14.3,16.6,5.3,7.4
Isaiah Stewart,DET,56,22.7,324.0,-3.9,17.2,-0.8,14.0,-4.7,134.5,-4.1,158.3,-5.0,10.0,5.0,1.1
Paul Reed,DET,64,14.0,213.7,-4.1,15.4,0.7,12.2,-10.0,80.3,-2.2,105.8,-10.1,7.9,4.6,1.2
Ronald Holland II,DET,76,19.8,375.3,-4.2,27.3,-6.5,11.2,-7.8,285.8,-3.2,51.0,-8.5,8.3,4.1,1.2
Spencer Jones,DEN,62,22.4,349.4,-4.2,8.2,-5.8,4.3,-6.3,200.6,-2.0,136.4,-5.1,5.6,3.3,0.8
Goga Bitadze,ORL,62,14.9,228.3,-4.4,15.5,1.8,8.5,-8.6,79.4,-2.6,124.8,-10.1,5.8,4.9,1.3
Clint Capela,HOU,74,12.4,225.1,-4.4,7.5,-5.1,7.1,-4.6,65.5,-4.0,145.0,-8.0,3.8,4.6,0.7
Day'Ron Sharpe,BKN,62,18.7,285.0,-4.5,32.0,2.3,15.4,-9.9,89.0,-3.1,148.6,-8.7,8.7,6.7,2.3
Luka Garza,BOS,69,16.1,295.0,-4.5,17.6,1.0,7.1,-8.5,136.6,-1.9,133.6,-8.1,8.1,4.1,1.0
Amen Thompson,HOU,79,37.4,727.3,-4.6,146.4,-5.6,51.4,-13.9,252.4,-2.2,277.0,-12.4,18.3,7.8,5.3
Wendell Carter Jr.,ORL,76,29.5,533.7,-4.7,33.6,-1.0,18.6,-6.3,240.6,-4.5,241.0,-7.8,11.9,7.4,2.0
Dominick Barlow,PHI,71,23.7,378.0,-4.7,14.5,-6.0,11.9,-6.9,177.6,-2.6,173.9,-9.5,7.7,4.8,1.2
Maxime Raynaud,SAC,74,26.6,441.8,-5.1,22.5,-0.6,17.3,-8.3,179.1,-4.4,222.9,-8.1,12.5,7.5,1.4
Robert Williams III,POR,59,17.1,249.8,-5.4,8.5,-9.8,6.8,-9.1,94.6,-5.1,139.9,-10.4,6.7,7.0,1.0
Isaiah Collier,UTA,58,25.6,361.9,-5.4,144.5,-6.3,28.0,-21.1,168.8,-1.7,20.5,-19.1,11.5,2.5,7.2
Deandre Ayton,LAL,72,27.3,418.0,-5.5,8.8,-2.9,16.9,-4.0,155.6,-3.0,236.7,-6.3,12.5,8.0,0.8
Josh Hart,NYK,63,30.3,519.8,-5.5,64.0,-8.9,19.0,-26.6,341.3,-2.0,95.5,-19.6,11.7,7.4,4.8
Jaxson Hayes,LAL,66,18.3,268.3,-5.5,7.5,-4.9,7.0,-6.2,92.7,-3.8,161.2,-7.9,7.5,4.1,0.9
Mitchell Robinson,NYK,57,19.8,267.3,-5.7,10.7,-3.7,4.8,-0.6,78.9,-4.0,172.9,-7.1,5.8,8.5,0.9
Donovan Clingan,POR,77,27.2,489.2,-5.9,33.6,-4.2,18.6,-7.2,226.2,-6.6,210.9,-6.7,12.1,11.6,2.1
Ausar Thompson,DET,71,26.0,430.9,-6.0,52.7,-8.2,27.8,-12.5,225.5,-3.9,124.9,-13.8,9.8,5.6,3.1
Dyson Daniels,ATL,76,33.2,577.1,-6.2,87.6,-6.6,41.9,-19.7,268.8,-2.7,178.9,-17.4,11.9,6.8,5.9
Marvin Bagley III,DAL,60,20.0,279.5,-6.3,20.0,-3.9,13.8,-17.7,100.8,-3.9,144.9,-13.0,10.5,6.1,1.4
Gary Payton II,GSW,73,15.6,252.7,-6.4,22.2,-12.9,10.7,-25.7,128.7,-2.6,91.0,-20.7,7.5,3.6,1.7
Nic Claxton,BKN,69,27.8,477.9,-6.6,67.5,-5.3,28.0,-15.0,156.1,-3.8,226.3,-13.2,11.7,6.9,3.7
Jarred Vanderbilt,LAL,65,17.4,262.2,-6.7,13.8,-9.1,5.2,-9.5,153.6,-5.3,89.5,-11.6,4.4,4.5,1.3
Adem Bona,PHI,70,17.4,274.1,-6.7,5.8,-10.2,6.8,-2.9,74.2,-6.0,187.3,-7.9,4.8,4.3,0.5
Draymond Green,GSW,68,27.5,417.4,-6.8,65.2,-10.6,16.8,-29.0,239.1,-2.4,96.3,-22.7,8.4,5.5,5.5
Yves Missi,NOP,65,19.7,318.5,-7.0,13.6,-4.9,13.4,-8.0,145.9,-6.2,145.7,-11.0,5.7,5.9,1.3
Oso Ighodaro,PHX,82,22.1,427.4,-7.2,49.7,-8.0,16.1,-22.2,130.0,-5.3,231.7,-19.2,6.5,4.1,2.3
Luke Kornet,SAS,67,21.0,322.4,-7.3,17.6,-7.6,11.9,-9.9,94.0,-6.5,198.9,-9.9,6.5,6.0,0.9
Jonas Valančiūnas,DEN,64,13.5,228.3,-7.4,19.9,-2.3,22.6,-17.5,84.2,-4.0,101.6,-11.7,8.8,5.1,1.2
Jericho Sims,MIL,64,20.1,315.8,-7.7,17.8,-6.3,8.6,-11.9,106.5,-5.1,182.9,-12.8,5.1,5.6,1.6
Ryan Kalkbrenner,CHA,69,21.4,382.9,-8.0,20.0,-4.7,7.7,-5.4,95.5,-4.1,259.8,-10.5,7.6,5.5,0.8
Andre Drummond,PHI,62,19.8,290.6,-8.3,11.0,-13.4,8.7,-10.1,102.2,-7.3,168.8,-13.3,6.5,8.5,1.3
Moussa Diabaté,CHA,73,26.0,494.8,-8.4,29.4,-13.2,22.0,-9.9,127.6,-6.8,315.8,-13.4,7.9,8.7,1.9
Neemias Queta,BOS,76,25.4,489.3,-8.8,27.5,-3.5,16.6,-17.5,195.8,-5.3,249.5,-14.7,10.2,8.4,1.7
Mark Williams,PHX,60,23.6,336.8,-9.4,17.3,-2.9,12.6,-18.0,109.9,-5.7,197.0,-16.2,11.7,8.0,1.0
Rudy Gobert,MIN,75,31.3,525.3,-9.5,20.9,-5.4,14.9,-11.9,197.6,-8.8,291.8,-13.4,11.0,11.5,1.7
Dwight Powell,DAL,60,14.5,193.5,-10.2,10.5,-14.7,6.2,-15.3,66.8,-7.3,109.9,-11.4,3.4,4.1,1.1
